,Education,Experience,Age,Gender,Salary,Rural,Suburban,Urban,Analyst,Director,Engineer,Manager
0,1,8,63,1,84620.05366451902,0,0,1,0,0,0,1
1,4,11,59,1,142591.2558943053,0,1,0,0,1,0,0
2,2,28,61,0,97800.25540414132,0,1,0,0,0,0,1
3,1,29,45,1,96834.67128150172,1,0,0,0,1,0,0
4,4,25,26,0,132157.78617465615,0,0,1,1,0,0,0
5,4,19,27,0,156312.9362084037,1,0,0,0,1,0,0
6,4,4,60,0,130567.64945544896,1,0,0,0,1,0,0
7,4,13,49,0,148707.74075900653,0,1,0,0,1,0,0
8,2,20,25,0,95945.27542859328,0,0,1,0,0,1,0
9,4,14,58,0,133339.3896823029,0,0,1,1,0,0,0
10,2,23,23,0,101164.09236529446,1,0,0,0,0,0,1
11,3,1,27,0,124251.98714687066,0,0,1,0,1,0,0
12,1,11,63,1,55066.114352582896,0,0,1,0,0,0,1
13,4,4,43,1,124972.50876977788,1,0,0,0,0,0,1
14,3,7,44,0,126139.13670110232,0,1,0,0,1,0,0
15,1,28,49,1,81007.19945085408,0,1,0,0,0,1,0
16,1,4,37,1,60693.924713925415,0,1,0,1,0,0,0
17,1,26,63,1,103386.0702899282,1,0,0,0,1,0,0
18,3,7,53,0,140042.13891849504,0,0,1,0,1,0,0
19,2,20,34,1,86048.11608072282,1,0,0,1,0,0,0
20,3,3,62,0,73861.99295330019,1,0,0,0,0,1,0
21,4,19,62,1,106145.00551210355,0,1,0,1,0,0,0
22,4,19,36,0,142981.59047925484,0,0,1,0,1,0,0
23,3,7,21,0,96620.92938815863,0,1,0,1,0,0,0
24,1,21,62,0,89426.94711719434,0,0,1,0,0,0,1
25,2,12,20,1,104762.39852019974,0,0,1,0,0,0,1
26,2,23,35,0,101747.54077442826,0,1,0,0,0,0,1
27,2,1,36,1,68635.08828494251,0,1,0,0,0,1,0
28,2,5,28,1,90550.47942410434,1,0,0,0,0,0,1
29,1,14,61,0,75559.24411372501,0,0,1,1,0,0,0
30,2,10,40,0,87433.49864519518,0,0,1,0,0,1,0
31,1,3,63,0,57615.23341761047,0,0,1,1,0,0,0
32,4,2,45,1,126043.14343328992,0,0,1,0,0,1,0
33,1,13,20,1,73043.43575162995,0,0,1,1,0,0,0
34,4,16,59,1,134560.1930040126,1,0,0,0,1,0,0
35,2,23,22,0,95804.2614408205,0,0,1,0,0,1,0
36,3,2,26,0,99694.53954354613,1,0,0,0,1,0,0
37,4,24,23,0,153930.9338516317,0,1,0,0,1,0,0
38,4,13,50,1,151123.33589341832,1,0,0,0,1,0,0
39,1,6,33,0,81462.71866943766,1,0,0,0,1,0,0
40,3,7,40,1,106019.0203963744,1,0,0,0,1,0,0
41,4,2,31,0,142122.66726825983,0,1,0,0,1,0,0
42,1,11,31,1,66858.43105342452,0,0,1,1,0,0,0
43,2,7,25,0,82060.7329291408,1,0,0,0,0,0,1
44,4,7,36,0,107935.40344896368,0,1,0,0,0,1,0
45,2,7,33,1,70251.76628382233,1,0,0,1,0,0,0
46,4,7,28,0,118799.44006115956,1,0,0,1,0,0,0
47,4,12,47,0,100369.02351603874,0,1,0,1,0,0,0
48,3,19,26,1,100038.7680224855,1,0,0,1,0,0,0
49,4,22,64,1,164542.83698804962,1,0,0,0,0,0,1
50,1,19,62,1,95726.36718568094,0,0,1,0,0,0,1
51,2,19,24,1,96598.32495003476,0,1,0,0,0,1,0
52,2,20,60,0,82628.14830429087,1,0,0,0,0,1,0
53,2,3,61,0,66216.7016212603,0,1,0,1,0,0,0
54,4,13,35,0,127167.11604300037,0,1,0,0,0,1,0
55,1,10,20,0,106028.63629377136,0,0,1,0,1,0,0
56,4,20,59,1,139655.8919089493,0,0,1,1,0,0,0
57,3,9,57,1,100278.41602229176,0,0,1,0,0,1,0
58,1,6,26,0,67767.86962383863,1,0,0,0,0,1,0
59,4,21,49,1,148074.0579284191,1,0,0,0,1,0,0
60,4,22,45,0,143973.4648101395,1,0,0,1,0,0,0
61,3,12,32,0,106333.96975362297,1,0,0,0,0,0,1
62,4,2,20,0,96967.34243096111,1,0,0,1,0,0,0
63,3,12,48,0,113746.2957781357,1,0,0,0,0,0,1
64,4,16,27,0,140823.26983800298,0,1,0,0,0,1,0
65,1,13,21,0,88374.4479673091,0,1,0,0,0,0,1
66,3,16,64,0,112591.91766668812,0,0,1,1,0,0,0
67,1,13,27,1,53119.03312031389,1,0,0,0,0,1,0
68,1,22,60,0,81946.59278102114,0,1,0,0,0,0,1
69,1,25,46,0,74817.18131645783,0,0,1,0,0,0,1
70,2,19,60,1,84868.7846243118,0,0,1,1,0,0,0
71,2,26,42,1,104215.43185102736,0,0,1,0,0,1,0
72,3,14,34,1,117890.0214065348,0,0,1,0,0,1,0
73,1,29,51,1,90605.4567853522,0,1,0,0,0,0,1
74,1,13,41,0,77430.20945022261,0,1,0,0,0,0,1
75,2,10,27,1,91038.14555250182,0,1,0,0,0,0,1
76,4,22,56,1,169510.2530418977,0,0,1,0,1,0,0
77,1,7,36,1,58008.87061573461,0,0,1,0,0,1,0
78,2,5,26,0,93375.47914146326,1,0,0,0,0,0,1
79,3,17,62,0,136608.8081251391,1,0,0,0,0,0,1
80,3,9,40,0,113727.8965602193,0,0,1,0,0,1,0
81,4,27,58,1,156729.08389775958,0,1,0,0,1,0,0
82,1,6,24,0,60637.29855913215,0,0,1,0,0,1,0
83,2,16,36,0,118098.37222184098,1,0,0,0,1,0,0
84,2,6,54,1,59734.10574128003,1,0,0,1,0,0,0
85,4,6,34,1,111461.95579727436,0,1,0,0,0,1,0
86,2,28,59,1,96355.51546129536,0,0,1,0,0,1,0
87,2,18,35,1,70214.86159479314,1,0,0,1,0,0,0
88,4,1,44,1,105551.83680620143,0,1,0,0,0,1,0
89,3,17,34,1,109899.04941785493,1,0,0,1,0,0,0
90,4,17,30,1,163022.82564588025,0,1,0,0,1,0,0
91,4,1,24,1,104029.26927639818,1,0,0,0,0,1,0
92,3,11,40,0,98073.3404604569,1,0,0,1,0,0,0
93,3,13,61,0,130591.56675108234,0,0,1,0,0,0,1
94,4,1,60,1,137005.64203097162,0,1,0,0,1,0,0
95,1,27,31,1,92450.57242382762,0,1,0,0,1,0,0
96,3,8,49,0,93295.9826486192,1,0,0,0,0,0,1
97,4,23,23,1,163104.2755312551,0,0,1,0,0,0,1
98,2,20,64,1,89961.7941228838,1,0,0,1,0,0,0
99,1,6,46,1,71769.55893398654,1,0,0,0,0,0,1
100,2,5,47,1,63923.5309909897,1,0,0,0,0,1,0
101,3,20,22,0,112349.77192889052,0,1,0,1,0,0,0
102,1,5,22,1,91289.9958745682,0,0,1,0,1,0,0
103,4,6,43,0,119140.33843647146,1,0,0,0,0,1,0
104,1,29,48,1,71549.7678319231,1,0,0,0,0,1,0
105,3,13,38,0,133122.60510065337,1,0,0,0,1,0,0
106,1,27,21,0,66723.68051821226,0,1,0,0,0,1,0
107,4,18,24,1,157287.4192480694,1,0,0,0,1,0,0
108,4,20,56,0,165810.55944087074,0,1,0,0,1,0,0
109,1,13,37,0,103723.30317535224,0,1,0,0,1,0,0
110,4,7,44,0,138575.07809749557,0,1,0,0,1,0,0
111,1,8,45,0,48005.6998343848,0,1,0,1,0,0,0
112,1,21,63,0,83938.8036230838,0,1,0,0,0,1,0
113,1,17,32,1,80007.84720913025,0,0,1,0,0,0,1
114,1,1,54,1,51439.95511443989,0,1,0,1,0,0,0
115,3,24,41,0,125825.37782839929,0,1,0,0,0,0,1
116,4,16,29,0,111979.28028586916,1,0,0,1,0,0,0
117,1,11,56,0,74209.99466184892,0,0,1,0,0,1,0
118,4,29,63,1,155079.84083441965,0,0,1,0,1,0,0
119,3,4,61,1,109922.0568164404,1,0,0,0,0,0,1
120,4,4,26,1,104330.68911543266,0,1,0,1,0,0,0
121,4,17,37,0,119682.68653532074,0,0,1,0,0,1,0
122,2,17,51,0,91498.92541209709,0,1,0,0,0,1,0
123,2,10,64,1,79316.33852811223,1,0,0,1,0,0,0
124,2,21,26,1,126769.34597053225,0,0,1,0,1,0,0
125,1,21,36,0,79183.53730827161,0,1,0,1,0,0,0
126,2,6,50,1,57463.59600309587,0,0,1,1,0,0,0
127,2,25,48,1,89948.55569043328,0,0,1,1,0,0,0
128,2,25,31,1,121066.52294503032,0,1,0,0,1,0,0
129,4,17,52,0,157190.03279936145,0,1,0,0,0,0,1
130,1,18,58,1,80837.44493674728,0,0,1,1,0,0,0
131,4,22,45,1,151013.40051848112,1,0,0,0,0,1,0
132,2,26,58,0,110750.60577086,0,0,1,0,0,0,1
133,3,10,49,1,102744.16995282008,1,0,0,0,0,1,0
134,1,13,22,0,62000.29192430693,0,0,1,0,0,1,0
135,2,16,39,0,81956.47780376,0,1,0,1,0,0,0
136,3,7,32,0,99647.04281717028,1,0,0,0,0,0,1
137,1,15,38,0,53660.11340683279,1,0,0,1,0,0,0
138,3,2,20,1,98065.50878814336,0,0,1,0,0,1,0
139,1,5,61,1,60027.17539890681,0,0,1,1,0,0,0
140,2,17,42,1,107222.12664516484,1,0,0,0,1,0,0
141,4,5,37,0,145434.53439582724,0,1,0,0,1,0,0
142,3,8,62,1,94399.8846738686,1,0,0,1,0,0,0
143,3,24,24,0,105559.54371150376,1,0,0,1,0,0,0
144,2,28,24,1,92774.21458468054,0,1,0,1,0,0,0
145,1,15,38,0,61928.68279841316,0,1,0,1,0,0,0
146,4,8,25,0,118509.62858553034,0,0,1,1,0,0,0
147,2,23,34,0,127909.7105518198,0,0,1,0,1,0,0
148,2,3,30,1,101655.25190671264,0,0,1,0,0,0,1
149,4,23,49,0,145740.44537947085,0,1,0,1,0,0,0
150,1,17,39,0,69022.97240059583,1,0,0,0,0,0,1
151,3,28,54,1,122693.7222533875,0,1,0,1,0,0,0
152,3,16,23,0,112053.20358407324,0,0,1,0,0,0,1
153,4,16,28,0,149731.74718252578,1,0,0,0,1,0,0
154,3,19,46,1,129826.72282091064,0,0,1,0,0,1,0
155,4,12,38,0,130504.10498333003,1,0,0,0,0,0,1
156,4,24,24,1,169726.36047258874,0,1,0,0,1,0,0
157,4,15,27,0,133614.32129684524,0,0,1,0,0,0,1
158,3,8,62,1,114113.54716908364,0,1,0,0,1,0,0
159,2,27,49,0,100641.90157356314,0,1,0,0,0,1,0
160,3,3,55,1,128222.10354585823,0,1,0,0,1,0,0
161,3,23,35,0,103825.70543658012,1,0,0,1,0,0,0
162,4,18,23,0,123464.46899091224,0,1,0,1,0,0,0
163,3,4,23,0,99083.7164162198,0,1,0,0,0,0,1
164,4,8,26,1,115028.8104444262,1,0,0,1,0,0,0
165,4,14,22,0,136466.95140894435,0,1,0,1,0,0,0
166,3,28,57,1,130006.80109093692,0,1,0,0,0,1,0
167,3,17,44,1,113966.50654336264,0,1,0,1,0,0,0
168,4,6,55,1,108930.25525076337,1,0,0,1,0,0,0
169,1,5,23,0,59366.90640736085,1,0,0,0,0,0,1
170,2,22,27,0,103772.45916416372,0,0,1,1,0,0,0
171,3,14,47,0,103680.8892436586,0,1,0,1,0,0,0
172,4,6,22,1,134263.9176428062,1,0,0,0,1,0,0
173,3,20,27,0,143982.40622403615,0,1,0,0,1,0,0
174,2,12,30,1,90022.1254832727,1,0,0,0,0,0,1
175,3,9,25,1,100622.23740614792,1,0,0,0,0,0,1
176,2,1,60,0,90091.88495330968,1,0,0,0,0,0,1
177,1,18,42,1,73807.19890433867,0,0,1,1,0,0,0
178,3,6,63,1,85629.70656151309,0,1,0,1,0,0,0
179,3,29,21,1,102870.94105128384,1,0,0,1,0,0,0
180,4,5,26,0,115954.11875826868,0,1,0,1,0,0,0
181,1,2,48,1,70374.09661478276,1,0,0,1,0,0,0
182,4,6,25,0,112071.79396453792,0,1,0,1,0,0,0
183,3,17,60,1,128637.2614091442,0,1,0,0,1,0,0
184,4,7,30,1,142237.71197617054,1,0,0,0,0,0,1
185,1,25,27,0,89427.18800209484,0,1,0,0,0,0,1
186,1,9,49,1,49515.33136752012,0,0,1,1,0,0,0
187,3,23,56,1,107272.03547451828,0,0,1,0,0,1,0
188,1,20,38,0,107266.6397378748,0,1,0,0,1,0,0
189,3,5,22,0,116663.54542250188,0,1,0,0,0,0,1
190,4,21,61,1,159261.25708431192,1,0,0,0,1,0,0
191,3,11,49,1,95422.43441621288,1,0,0,1,0,0,0
192,3,11,52,1,118732.87974017202,0,1,0,0,1,0,0
193,4,28,45,1,150828.36884275833,0,1,0,0,0,0,1
194,1,4,56,1,80360.31217374376,0,1,0,0,1,0,0
195,1,23,39,1,89616.88844301298,0,1,0,0,1,0,0
196,1,29,52,0,94614.49909551127,0,0,1,0,0,1,0
197,2,6,47,1,88404.03831200278,0,1,0,0,1,0,0
198,3,27,46,0,123672.41235424776,1,0,0,0,0,0,1
199,1,10,48,0,77959.92127523497,0,0,1,0,0,0,1
200,2,9,43,1,87089.80186824632,0,1,0,0,0,0,1
201,3,29,38,0,106944.94644980178,1,0,0,0,0,0,1
202,4,18,25,1,137478.69664111253,0,0,1,1,0,0,0
203,3,20,21,0,107442.49239559734,0,1,0,0,0,1,0
204,3,9,41,1,112257.07959324372,0,1,0,1,0,0,0
205,4,28,54,1,149580.17722315947,0,1,0,0,0,0,1
206,2,11,21,0,100586.4041156878,0,1,0,0,1,0,0
207,1,2,49,0,72915.21946778877,0,0,1,0,0,0,1
208,1,15,54,1,85534.39748630449,1,0,0,0,0,0,1
209,1,6,34,0,55365.9233688183,0,1,0,0,0,1,0
210,4,25,62,1,155147.37694829778,0,0,1,0,0,1,0
211,4,17,50,1,171403.03641017622,0,0,1,0,1,0,0
212,1,4,29,0,58903.22810655946,1,0,0,1,0,0,0
213,3,8,47,0,134264.31490992257,0,0,1,0,0,0,1
214,3,29,27,1,141926.4602101247,0,0,1,0,0,1,0
215,1,2,32,1,87148.82293893005,1,0,0,0,1,0,0
216,1,24,49,1,110043.26319415642,0,0,1,0,0,0,1
217,4,9,56,1,126080.69529629964,0,0,1,1,0,0,0
218,1,1,58,1,41707.761004278014,1,0,0,1,0,0,0
219,2,24,48,1,81377.56364756194,0,0,1,0,0,1,0
220,3,6,41,1,77772.66880478204,1,0,0,1,0,0,0
221,1,16,43,0,86517.17200841205,0,1,0,0,1,0,0
222,1,27,57,1,78182.64912759434,0,1,0,0,0,1,0
223,4,26,40,1,149472.05536597915,0,1,0,0,0,0,1
224,2,26,33,1,90992.3950975125,0,1,0,0,0,1,0
225,4,7,60,1,131042.22388558686,0,0,1,0,1,0,0
226,1,25,61,0,98697.76833533274,0,1,0,0,1,0,0
227,3,24,21,1,107105.8207118821,1,0,0,1,0,0,0
228,2,16,28,0,87924.45958450134,1,0,0,0,0,0,1
229,2,6,59,0,88578.47838349616,1,0,0,0,1,0,0
230,2,10,64,0,65598.43408127593,1,0,0,1,0,0,0
231,4,18,29,0,139034.76260983682,0,1,0,0,0,0,1
232,1,17,37,0,68436.97173004749,1,0,0,0,0,0,1
233,1,17,45,0,104598.75331517016,0,1,0,0,1,0,0
234,1,12,43,0,74409.96732045121,1,0,0,0,0,0,1
235,2,15,60,0,85276.82081973483,1,0,0,0,0,0,1
236,2,6,30,0,73195.52218532546,0,1,0,1,0,0,0
237,3,23,46,1,106197.1439364881,0,1,0,0,0,1,0
238,2,20,33,1,120121.68295174788,0,0,1,0,0,0,1
239,1,16,51,0,84841.8672458082,0,0,1,1,0,0,0
240,1,23,41,0,90520.01982753033,0,0,1,1,0,0,0
241,2,14,53,0,67553.07368757403,1,0,0,1,0,0,0
242,3,12,21,1,121087.32980273824,1,0,0,0,1,0,0
243,2,12,52,1,97984.29324487085,1,0,0,0,1,0,0
244,2,2,63,0,87620.13105914182,0,0,1,0,0,1,0
245,4,8,26,0,137920.901967161,0,0,1,0,1,0,0
246,2,24,54,1,92241.08305998985,0,0,1,1,0,0,0
247,1,27,50,0,67867.82971648192,1,0,0,1,0,0,0
248,1,17,46,1,73532.88469132425,0,1,0,0,0,1,0
249,1,8,58,1,69941.28708137886,0,0,1,1,0,0,0
250,4,16,56,0,147712.72307263393,0,1,0,0,1,0,0
251,4,23,37,1,134639.6507552622,1,0,0,1,0,0,0
252,2,1,32,1,89220.76356797137,0,0,1,0,0,1,0
253,3,5,59,1,92867.8476312818,1,0,0,0,0,1,0
254,2,19,45,1,81543.41867134403,0,1,0,0,0,1,0
255,4,24,20,0,132288.0966456586,1,0,0,0,0,0,1
256,2,22,58,1,117917.26975151568,1,0,0,0,1,0,0
257,4,3,50,0,118237.75563685333,0,0,1,0,0,1,0
258,1,9,61,1,56873.70677317545,0,1,0,0,0,0,1
259,1,11,56,0,97129.52368183,0,0,1,0,1,0,0
260,4,6,58,1,127295.5452054622,1,0,0,0,0,0,1
261,2,7,48,1,82940.32918857371,1,0,0,0,1,0,0
262,3,7,62,1,133794.19981202646,0,1,0,0,1,0,0
263,1,5,43,0,83366.3598715775,1,0,0,0,1,0,0
264,3,2,35,0,103387.4525129018,0,0,1,0,0,1,0
265,4,22,58,1,144256.80632265584,0,1,0,0,1,0,0
266,4,28,58,0,133976.69467114715,1,0,0,0,0,0,1
267,3,5,42,1,96929.31513158564,0,0,1,1,0,0,0
268,4,6,27,1,103860.8461044971,0,0,1,1,0,0,0
269,2,6,57,1,105050.80273184486,0,1,0,0,1,0,0
270,2,7,22,1,62891.76686619663,1,0,0,0,0,1,0
271,2,4,33,0,105649.12729254698,0,0,1,0,1,0,0
272,4,25,40,1,147118.68547273273,0,1,0,0,0,0,1
273,3,18,49,0,120117.85268097043,0,0,1,1,0,0,0
274,1,16,52,1,66620.52404738512,1,0,0,0,0,0,1
275,1,21,39,1,93737.29449524725,0,0,1,0,0,0,1
276,2,19,64,0,70051.59807165357,1,0,0,1,0,0,0
277,1,10,64,0,77955.49551769407,0,0,1,0,0,1,0
278,4,24,42,0,142850.38233722505,1,0,0,0,0,0,1
279,3,5,42,1,104958.5066896543,0,0,1,1,0,0,0
280,4,18,64,1,124794.74653171968,0,0,1,0,0,1,0
281,4,25,57,1,154990.84275671767,0,1,0,0,0,0,1
282,3,3,54,0,106062.03396303709,1,0,0,0,0,0,1
283,1,20,58,1,93636.97892713363,0,0,1,0,0,0,1
284,3,4,41,0,112126.33963013986,0,1,0,0,0,0,1
285,4,14,48,1,152065.3611720965,0,0,1,0,1,0,0
286,3,12,54,0,119412.99220315993,0,1,0,0,0,1,0
287,3,14,21,1,122441.02014234295,0,0,1,0,0,0,1
288,2,5,37,1,67608.30799609171,0,1,0,1,0,0,0
289,2,18,54,0,107412.73806631062,1,0,0,0,1,0,0
290,4,27,63,1,132494.82054555468,0,0,1,1,0,0,0
291,4,7,33,1,107360.03576669157,1,0,0,1,0,0,0
292,1,16,37,0,64227.533838106014,1,0,0,0,0,1,0
293,4,3,51,1,109204.4587935414,0,1,0,1,0,0,0
294,1,22,41,0,93993.97072805486,1,0,0,0,1,0,0
295,1,21,54,0,105457.61391306328,0,1,0,0,0,0,1
296,3,11,21,1,121709.4983984612,0,1,0,0,0,0,1
297,3,27,25,1,127723.00647288092,0,1,0,1,0,0,0
298,4,26,58,0,135962.90562631763,0,1,0,0,0,1,0
299,2,18,51,0,87129.83711494852,0,1,0,0,0,1,0
300,2,6,48,1,92218.2195310701,0,0,1,0,0,0,1
301,1,26,58,1,104528.89097268877,0,0,1,0,0,0,1
302,4,21,24,1,104518.81521769102,1,0,0,1,0,0,0
303,1,22,57,0,71668.35224708632,0,0,1,0,0,1,0
304,3,24,27,0,115023.3584683422,0,1,0,1,0,0,0
305,4,5,23,0,127759.07632937071,0,1,0,0,0,0,1
306,4,5,41,1,154677.29682143047,0,0,1,0,0,0,1
307,2,16,41,0,85476.83215742656,1,0,0,1,0,0,0
308,4,3,46,1,106378.0855646952,1,0,0,0,0,1,0
309,2,12,22,1,86223.92931460653,0,0,1,0,0,0,1
310,4,3,48,1,124594.39965062136,0,1,0,0,0,0,1
311,3,2,52,1,83967.79917321586,0,1,0,0,0,1,0
312,1,15,57,0,79667.50650418435,1,0,0,0,0,0,1
313,2,20,53,1,101611.06322241678,0,0,1,0,0,1,0
314,2,17,55,0,95200.31932092732,0,1,0,0,0,1,0
315,4,12,52,0,152791.76664795037,1,0,0,0,0,0,1
316,4,2,59,1,97925.34018579702,1,0,0,1,0,0,0
317,4,26,37,0,154075.95792204092,0,0,1,0,0,0,1
318,2,2,29,0,69874.84255511091,1,0,0,0,0,0,1
319,2,14,55,1,98194.01483849874,0,1,0,0,0,0,1
320,2,7,64,0,112932.73615950027,1,0,0,0,1,0,0
321,4,26,42,1,151687.22399120472,1,0,0,0,0,0,1
322,4,25,25,1,128855.129544108,1,0,0,1,0,0,0
323,3,14,42,1,111516.30248819893,0,0,1,1,0,0,0
324,3,7,29,0,84891.4436205641,0,1,0,1,0,0,0
325,3,20,21,1,106062.66288305612,1,0,0,0,0,1,0
326,1,17,63,0,97852.52574570388,0,0,1,0,1,0,0
327,4,24,25,0,154994.21986708543,1,0,0,0,1,0,0
328,4,27,62,0,121693.83755601384,0,1,0,1,0,0,0
329,2,4,24,0,97276.2317923478,1,0,0,0,1,0,0
330,3,27,27,1,129791.9649251421,0,0,1,0,0,1,0
331,4,15,39,1,131229.4879372722,1,0,0,0,0,0,1
332,2,27,58,0,92041.749990825,1,0,0,1,0,0,0
333,4,3,33,0,118165.08446631998,1,0,0,0,1,0,0
334,4,6,31,1,106202.04384675653,0,0,1,1,0,0,0
335,2,26,43,0,92346.87262338235,1,0,0,1,0,0,0
336,2,8,58,1,66322.76809083836,1,0,0,1,0,0,0
337,2,16,31,1,90884.44479775698,0,0,1,1,0,0,0
338,1,15,60,0,93394.90672317604,0,0,1,0,0,0,1
339,3,4,51,0,92260.70069694844,0,1,0,1,0,0,0
340,3,21,23,1,112893.31945170804,0,0,1,0,1,0,0
341,1,8,22,1,76493.46361979107,1,0,0,0,1,0,0
342,2,23,27,0,88189.55978005964,1,0,0,0,0,1,0
343,2,8,22,1,85653.0564567708,0,0,1,0,0,1,0
344,1,20,45,0,103997.30812571551,0,1,0,0,1,0,0
345,4,7,25,1,106214.69814058888,0,0,1,1,0,0,0
346,1,26,36,1,103439.56623907984,0,1,0,0,1,0,0
347,1,20,28,0,95703.03911911232,0,0,1,0,0,1,0
348,4,24,37,1,127740.56885031542,0,1,0,1,0,0,0
349,3,18,48,0,137723.27886185737,0,1,0,0,1,0,0
350,2,12,34,1,101663.05778970802,1,0,0,0,0,0,1
351,3,4,26,0,121102.31439102096,0,1,0,0,1,0,0
352,2,14,33,0,77149.03019668574,1,0,0,0,0,1,0
353,3,27,48,0,139904.78989292,0,0,1,0,1,0,0
354,1,24,23,0,86438.00153765982,0,0,1,1,0,0,0
355,3,25,64,1,150921.49090781735,0,0,1,0,1,0,0
356,1,28,58,1,80135.31584928774,0,0,1,0,0,1,0
357,2,29,24,1,117235.26845638917,0,0,1,0,1,0,0
358,2,25,20,1,77191.93285851003,1,0,0,1,0,0,0
359,2,5,31,1,121616.51861184771,0,0,1,0,1,0,0
360,1,22,58,1,76320.54879609501,0,1,0,0,0,1,0
361,4,20,26,1,163602.28585653414,1,0,0,0,0,0,1
362,1,23,40,1,103555.45603070543,0,1,0,0,1,0,0
363,4,26,26,1,160395.223228338,1,0,0,0,1,0,0
364,1,7,36,1,65062.72488305184,0,1,0,0,0,1,0
365,1,12,20,1,71991.49850197365,1,0,0,0,0,1,0
366,1,15,23,1,85339.3681495593,0,0,1,0,1,0,0
367,1,19,25,1,90600.13108370735,1,0,0,0,0,1,0
368,2,26,59,1,94996.98297388168,1,0,0,0,0,1,0
369,4,13,36,1,115965.9990780719,0,1,0,1,0,0,0
370,4,4,45,0,137025.6100228842,1,0,0,0,1,0,0
371,1,6,50,1,86923.38876030798,1,0,0,0,1,0,0
372,4,8,47,1,127924.45124217024,0,0,1,0,0,0,1
373,3,15,31,0,125668.69372441072,0,1,0,0,0,0,1
374,3,12,60,1,94835.55842413523,1,0,0,0,0,1,0
375,2,10,20,1,79937.26466825511,0,1,0,0,0,1,0
376,2,12,53,1,97105.1758124497,1,0,0,0,1,0,0
377,2,17,45,0,104635.4146648592,1,0,0,0,0,0,1
378,3,29,34,1,132909.27268205624,0,1,0,0,1,0,0
379,2,28,54,1,129926.16110034611,0,0,1,0,1,0,0
380,2,8,60,1,94565.82135917408,1,0,0,0,1,0,0
381,1,28,63,0,79527.8982204147,1,0,0,0,0,0,1
382,2,2,58,0,79864.7639724552,1,0,0,0,1,0,0
383,3,19,39,1,111971.11675483995,0,1,0,0,0,0,1
384,2,22,62,1,95662.03982347203,0,0,1,0,0,0,1
385,2,29,54,1,107961.67193749268,1,0,0,0,0,1,0
386,1,1,58,0,68583.46837368779,1,0,0,0,1,0,0
387,1,22,41,1,83586.51930066243,1,0,0,0,0,0,1
388,2,25,40,0,111781.89364481598,0,1,0,0,0,1,0
389,2,10,46,0,72798.82843068447,0,1,0,0,0,1,0
390,3,9,55,1,104584.54324684283,0,1,0,0,0,0,1
391,4,19,47,1,131547.15536693783,0,1,0,1,0,0,0
392,4,12,23,0,113759.20447919633,0,0,1,0,0,1,0
393,2,29,45,1,108212.91487003132,0,1,0,0,0,0,1
394,4,22,27,1,127751.06926899531,0,1,0,0,0,1,0
395,4,20,24,1,128295.22442169535,1,0,0,1,0,0,0
396,4,18,24,1,148741.8413363613,0,1,0,0,1,0,0
397,3,24,29,1,154081.49279376958,0,0,1,0,0,0,1
398,3,16,24,0,145378.91372069393,0,0,1,0,1,0,0
399,2,4,53,0,65467.61515724689,1,0,0,0,0,1,0
400,3,11,30,0,102126.8656254315,0,0,1,1,0,0,0
401,4,25,43,0,131524.15487084555,0,1,0,1,0,0,0
402,3,22,52,1,150065.74349110562,0,1,0,0,0,1,0
403,1,29,33,0,83898.00356021858,0,0,1,0,0,0,1
404,4,27,41,1,159035.39700404613,0,0,1,0,0,0,1
405,4,22,48,1,116155.67864638472,0,1,0,0,0,1,0
406,2,15,43,0,79930.62558794077,1,0,0,1,0,0,0
407,2,16,25,0,130098.90561909012,0,1,0,0,1,0,0
408,2,2,22,0,62915.44568325892,1,0,0,1,0,0,0
409,3,13,20,0,109045.54421472047,1,0,0,1,0,0,0
410,2,12,29,0,86338.84774046796,0,0,1,1,0,0,0
411,2,26,27,1,91775.01283174564,1,0,0,0,0,1,0
412,2,8,49,0,100483.43641053604,0,1,0,0,1,0,0
413,3,12,41,1,96130.97354819998,0,1,0,1,0,0,0
414,1,27,36,1,80739.41728110176,0,0,1,0,0,1,0
415,4,14,34,1,120698.05587675504,1,0,0,0,0,0,1
416,2,3,39,0,103068.00728949445,0,1,0,0,0,0,1
417,1,2,57,1,43069.23604206557,1,0,0,1,0,0,0
418,4,17,46,1,129937.74310765752,0,1,0,1,0,0,0
419,2,2,32,0,88234.68148560214,0,1,0,0,1,0,0
420,2,17,35,1,98169.9055941535,0,1,0,1,0,0,0
421,3,2,39,0,104264.4422209217,0,1,0,0,0,0,1
422,1,2,38,1,61089.67332142195,0,0,1,0,0,1,0
423,3,13,62,0,94710.23364704054,0,0,1,0,0,1,0
424,4,7,22,0,140959.76211139612,1,0,0,0,1,0,0
425,1,9,36,0,77115.05704820246,1,0,0,0,0,1,0
426,3,9,31,1,120309.22414000088,0,0,1,0,1,0,0
427,1,14,55,1,59417.70846297518,0,1,0,1,0,0,0
428,3,11,29,0,89616.76041784984,1,0,0,0,0,1,0
429,1,20,29,0,91291.62174240376,1,0,0,0,1,0,0
430,1,19,50,1,99640.24197906828,0,0,1,0,1,0,0
431,4,1,42,0,113050.81101494467,1,0,0,1,0,0,0
432,4,24,62,0,159514.7354680092,0,0,1,0,0,0,1
433,4,5,40,1,111874.839538144,0,1,0,0,0,1,0
434,1,23,61,1,70249.48049064373,1,0,0,1,0,0,0
435,1,1,39,1,52716.98893277528,0,1,0,0,0,1,0
436,4,6,24,1,120089.67022623286,0,1,0,0,0,0,1
437,2,16,35,1,94731.44127037386,0,0,1,0,0,1,0
439,3,16,20,0,139151.70634005946,0,0,1,0,0,1,0
440,4,20,35,0,161398.26597767652,0,0,1,0,1,0,0
441,1,26,33,0,103388.57208010757,1,0,0,0,0,0,1
442,4,13,29,0,147546.16635853727,0,1,0,0,1,0,0
443,1,14,62,0,68468.6166055852,0,0,1,1,0,0,0
444,4,11,30,0,121504.28212370236,1,0,0,0,1,0,0
445,4,21,59,0,151398.94434055715,0,0,1,0,1,0,0
446,2,10,54,0,72165.00736013523,0,1,0,1,0,0,0
447,3,17,59,1,133075.1903166543,0,1,0,0,1,0,0
448,2,7,64,0,97139.84534859276,1,0,0,0,1,0,0
449,1,22,64,0,61210.57648608133,1,0,0,1,0,0,0
450,1,4,62,1,68111.86800466156,1,0,0,0,1,0,0
451,4,17,21,0,145338.46864392047,1,0,0,0,1,0,0
452,1,1,28,0,37185.88349317717,1,0,0,0,0,1,0
453,4,2,20,1,110873.6143963144,0,1,0,0,0,1,0
454,1,19,31,1,85187.10130191705,1,0,0,0,1,0,0
455,1,1,46,1,33510.51066927126,1,0,0,1,0,0,0
456,2,12,50,1,73697.62106735456,1,0,0,1,0,0,0
457,1,28,63,1,69651.92836465492,1,0,0,0,0,1,0
458,3,19,62,1,121353.82392009476,0,1,0,1,0,0,0
459,3,19,39,0,106561.96202860876,0,1,0,1,0,0,0
460,3,26,41,0,124104.54331743425,0,0,1,0,0,1,0
461,1,23,21,0,87280.28107021368,1,0,0,0,0,0,1
462,1,16,38,0,71569.68316840629,1,0,0,0,0,1,0
463,3,16,48,0,88637.58195699849,0,1,0,1,0,0,0
464,1,29,31,0,100232.15890892466,0,1,0,0,1,0,0
465,3,8,59,1,88909.6767374791,0,1,0,1,0,0,0
466,4,28,29,0,156548.29755806783,1,0,0,0,1,0,0
467,3,25,44,1,139636.67478801086,0,0,1,0,1,0,0
468,4,26,24,1,167570.6946285781,0,0,1,0,1,0,0
469,4,27,46,0,142195.40754437845,0,1,0,0,0,0,1
470,1,25,63,1,84322.32758479813,0,1,0,0,0,0,1
471,2,13,41,1,82088.40331077647,0,1,0,0,0,1,0
472,2,14,34,1,109825.91370470892,0,1,0,0,0,0,1
473,2,19,49,0,122680.03659280542,0,0,1,0,1,0,0
474,1,15,21,0,73688.88707585666,0,0,1,1,0,0,0
475,1,15,34,1,62136.81719189974,0,1,0,1,0,0,0
476,4,21,20,0,157152.82147906447,0,0,1,0,1,0,0
477,4,8,35,0,123610.02888497636,0,1,0,1,0,0,0
478,2,24,53,1,106774.33933793784,0,0,1,1,0,0,0
479,4,13,52,0,133151.46785628842,1,0,0,0,0,0,1
480,1,12,57,1,93416.47945476102,1,0,0,0,1,0,0
481,4,22,25,0,149741.55027515185,0,0,1,1,0,0,0
482,1,28,50,0,61353.01960611086,0,1,0,1,0,0,0
483,2,13,61,1,92303.7888478305,0,0,1,1,0,0,0
484,3,16,29,1,130573.98071508964,0,1,0,0,1,0,0
485,3,24,27,1,142882.8881396824,0,1,0,0,1,0,0
486,1,12,50,0,78159.76528026743,0,1,0,0,0,1,0
487,3,14,41,1,99794.6183690856,0,1,0,0,0,1,0
488,2,15,50,0,73797.25897577438,0,0,1,1,0,0,0
489,4,19,61,0,160061.91472851046,0,0,1,0,0,0,1
490,4,5,28,0,115015.15355069588,1,0,0,0,0,0,1
491,4,29,21,0,157137.80486078965,0,1,0,0,1,0,0
492,2,2,41,1,94046.2089341965,1,0,0,0,1,0,0
493,3,18,28,1,111138.98178838645,0,0,1,0,0,1,0
494,2,18,20,1,82077.89371684402,0,0,1,0,0,1,0
495,3,24,47,1,139341.89767415726,0,1,0,0,1,0,0
496,4,26,45,0,148185.1534103814,0,0,1,0,0,0,1
497,3,17,49,1,117978.59877870268,0,1,0,0,0,1,0
498,2,10,27,1,74939.23443921345,1,0,0,0,0,1,0
499,3,27,46,0,110115.53861279202,0,1,0,1,0,0,0
500,4,17,51,1,144899.99460889792,0,0,1,0,0,0,1
501,4,3,34,1,128521.5347683867,0,0,1,1,0,0,0
502,1,16,39,1,85079.04081637684,0,0,1,0,0,1,0
503,1,18,28,0,57067.7381754028,1,0,0,0,0,1,0
504,3,21,59,1,143997.07649086916,0,1,0,0,0,1,0
505,2,7,49,1,73742.23675414972,1,0,0,0,0,1,0
506,4,1,43,1,129475.842710405,0,0,1,0,1,0,0
507,2,7,33,0,100882.31990048778,0,1,0,0,0,0,1
508,3,13,60,0,109383.27542645649,1,0,0,0,0,0,1
509,3,23,21,1,149537.1950783965,0,1,0,0,0,0,1
510,2,16,45,1,114474.08355481534,0,0,1,0,0,0,1
511,1,11,44,0,54012.80153691232,1,0,0,1,0,0,0
512,3,3,50,1,108753.06877732204,0,1,0,1,0,0,0
513,4,9,61,1,127491.15211470446,0,1,0,1,0,0,0
514,1,7,36,0,54711.0480306511,0,0,1,0,0,1,0
515,3,23,31,1,151883.94109572403,0,0,1,0,1,0,0
516,1,22,59,1,86835.1255805155,0,0,1,0,0,0,1
517,4,3,27,1,132166.73714753325,1,0,0,0,1,0,0
518,3,22,58,1,123310.5444921746,1,0,0,0,0,0,1
519,2,1,41,0,77209.03987733739,0,1,0,0,0,0,1
520,3,11,44,1,87666.57721109298,0,1,0,1,0,0,0
521,2,13,57,1,86677.84010920297,1,0,0,0,0,1,0
522,1,4,63,0,45117.665013301375,0,1,0,0,0,1,0
523,2,10,56,1,74247.97373230735,1,0,0,0,1,0,0
524,2,26,52,0,92638.9439562857,0,1,0,0,0,1,0
525,3,8,29,1,96310.92421488398,1,0,0,1,0,0,0
526,3,28,60,1,130301.18866430037,0,1,0,0,0,0,1
527,4,28,36,1,175671.30940620071,0,1,0,0,1,0,0
528,1,17,55,0,63837.53495431689,1,0,0,1,0,0,0
529,2,11,23,1,93336.9034805292,0,0,1,0,0,0,1
530,1,5,59,0,50604.16449520506,1,0,0,0,0,1,0
531,4,18,57,1,133634.5864073082,1,0,0,0,1,0,0
532,1,4,23,1,94857.97224705933,0,0,1,0,1,0,0
533,1,6,60,1,57188.99913917042,0,1,0,0,0,0,1
534,3,24,55,0,114795.9236788073,0,0,1,0,0,1,0
535,1,7,21,1,85397.13779571372,0,0,1,0,1,0,0
536,4,28,23,0,148023.53264490823,0,0,1,0,0,1,0
537,2,12,31,1,71973.49636490211,0,1,0,0,0,1,0
538,1,3,23,0,53944.64204780505,1,0,0,0,0,0,1
539,4,29,32,1,146650.40602239317,0,0,1,1,0,0,0
540,3,8,52,1,114297.23358996994,0,1,0,0,0,1,0
541,2,20,59,0,118490.03562090176,0,1,0,0,1,0,0
542,4,21,20,1,150741.90238409146,1,0,0,0,1,0,0
543,1,10,43,0,64375.91266129869,1,0,0,0,1,0,0
544,2,24,27,1,117826.5765344791,0,0,1,0,1,0,0
545,3,1,21,1,111214.94241311056,0,1,0,0,0,0,1
546,1,17,54,0,77809.46669854887,1,0,0,0,0,1,0
547,1,18,33,0,96893.75908155256,0,0,1,0,0,0,1
548,1,9,50,1,60380.71644445607,0,1,0,1,0,0,0
549,3,20,41,0,127046.00466649178,0,1,0,0,0,1,0
550,2,22,37,1,120814.60713163964,1,0,0,0,0,1,0
551,4,27,43,0,136061.38084617312,0,1,0,0,0,1,0
552,1,16,55,1,58368.84204654964,0,1,0,1,0,0,0
553,1,17,53,1,92184.82925779722,1,0,0,0,0,0,1
554,1,18,26,1,75354.64525385419,0,1,0,0,0,1,0
555,1,11,44,0,67123.0768842727,0,1,0,0,0,1,0
556,2,18,54,0,121923.74327659124,0,0,1,0,1,0,0
557,4,4,60,0,107455.1349481504,0,1,0,1,0,0,0
558,3,8,58,0,107652.04715249412,1,0,0,0,1,0,0
559,3,10,29,0,117228.52490451687,0,1,0,0,1,0,0
560,2,4,44,1,96459.46256831016,1,0,0,0,0,0,1
561,1,8,49,0,63633.59335315418,1,0,0,0,1,0,0
562,2,17,25,0,91986.54645648548,0,1,0,1,0,0,0
563,2,3,45,0,62423.1253997449,1,0,0,1,0,0,0
564,2,5,24,0,81466.33111284656,0,0,1,0,0,1,0
565,4,27,58,0,154429.50976608333,1,0,0,0,0,0,1
566,4,5,20,0,133439.88913357895,0,0,1,0,0,1,0
567,2,7,34,0,100429.76537866936,1,0,0,0,1,0,0
568,2,1,29,0,57268.803376339936,0,1,0,0,0,1,0
569,4,18,56,0,138709.6470867579,1,0,0,1,0,0,0
570,2,24,48,0,102101.9651719956,1,0,0,1,0,0,0
571,4,23,35,0,153914.36833191148,1,0,0,0,1,0,0
572,4,22,22,1,142102.5781695941,0,0,1,0,0,1,0
573,3,6,56,1,119014.49208620156,0,0,1,1,0,0,0
574,3,24,27,0,128472.24271293728,0,0,1,1,0,0,0
575,4,28,37,0,157707.05596425082,0,0,1,0,0,0,1
576,2,20,51,1,97076.61324148857,0,0,1,0,0,1,0
577,2,15,63,0,88064.62888988973,0,1,0,0,0,1,0
578,2,28,61,0,119772.32054397164,1,0,0,0,0,0,1
579,3,23,35,1,118399.91784706688,1,0,0,1,0,0,0
580,1,9,48,1,57865.76988501196,0,1,0,0,0,0,1
581,4,25,62,1,154646.42398866065,0,1,0,0,0,0,1
582,1,29,51,0,102641.21331377608,0,1,0,0,0,0,1
583,1,3,42,0,37935.36834028282,0,1,0,1,0,0,0
584,2,27,43,1,126970.35248561678,0,0,1,0,1,0,0
585,1,18,24,0,70229.56393623482,1,0,0,0,1,0,0
586,2,29,20,0,125294.92835941388,0,1,0,0,1,0,0
587,1,16,37,0,60167.65498087052,0,1,0,0,0,0,1
588,4,17,26,0,140182.54476292082,1,0,0,0,1,0,0
589,3,9,24,0,97889.34085504863,0,1,0,0,0,1,0
590,3,28,31,1,140911.50179857394,0,0,1,0,1,0,0
591,2,24,52,1,113515.28016974566,0,0,1,1,0,0,0
592,1,13,36,1,88355.10569739103,0,0,1,0,0,0,1
593,1,8,22,1,69004.311396766,0,1,0,0,0,0,1
594,1,13,30,1,73669.22159105899,1,0,0,0,1,0,0
595,1,1,59,1,63612.23683154768,0,1,0,0,0,0,1
596,1,21,58,1,70708.87031700685,1,0,0,0,0,0,1
597,4,12,59,1,151730.80004149664,0,0,1,0,0,0,1
598,3,12,20,1,141967.66001547786,0,0,1,0,0,0,1
599,2,9,29,0,89531.99898082111,1,0,0,0,0,1,0
600,1,1,31,1,54316.90345545149,0,1,0,1,0,0,0
601,3,21,64,0,114343.71216706854,0,1,0,0,0,1,0
602,4,14,37,0,144948.93710538538,0,1,0,0,1,0,0
603,4,29,56,1,186452.84572687597,0,0,1,0,1,0,0
604,4,14,61,1,133240.64392478464,0,1,0,0,0,0,1
605,4,6,25,1,141610.9855689575,1,0,0,0,0,0,1
606,1,16,61,1,79684.60757979851,0,1,0,0,1,0,0
607,3,8,58,0,110037.68345601793,0,1,0,0,0,0,1
608,2,19,56,1,71859.43407279214,1,0,0,0,0,1,0
609,1,5,24,0,66592.3420122828,1,0,0,0,0,0,1
610,4,15,31,1,122362.72378123792,0,0,1,0,0,1,0
611,4,13,59,1,144650.49406790442,0,0,1,1,0,0,0
612,4,26,49,0,145122.7227166107,0,1,0,0,0,1,0
613,4,24,63,1,164373.96746876818,0,1,0,0,1,0,0
614,1,6,31,0,88826.7844916477,0,0,1,0,1,0,0
615,3,17,62,0,121074.59185608862,0,1,0,0,1,0,0
616,2,5,52,0,81241.18287733827,0,1,0,0,0,1,0
617,3,10,21,0,113370.80687867744,1,0,0,1,0,0,0
618,3,5,64,0,120085.54926006313,0,1,0,0,1,0,0
619,2,17,54,0,86829.83798375187,1,0,0,0,0,0,1
620,4,19,62,0,120476.57343304963,0,0,1,0,0,1,0
621,4,6,62,0,108866.73009607923,0,1,0,1,0,0,0
622,1,22,64,1,54377.71102459122,1,0,0,0,0,1,0
623,1,15,30,0,73305.17369042597,1,0,0,0,0,1,0
624,3,4,62,0,96811.67266182243,1,0,0,1,0,0,0
625,2,17,60,1,78243.1817277945,1,0,0,0,0,1,0
626,2,1,59,0,102139.81308469428,0,1,0,0,1,0,0
627,1,18,35,0,67235.45347043018,0,0,1,1,0,0,0
628,4,26,46,0,135543.85717225142,1,0,0,0,0,1,0
629,1,10,61,0,83719.55551564979,0,0,1,0,0,0,1
630,3,19,60,0,99560.39990960508,1,0,0,1,0,0,0
631,1,2,64,1,66182.03348653117,1,0,0,0,0,0,1
632,4,17,36,0,110142.71949532448,1,0,0,0,0,1,0
633,2,18,63,1,109174.7498798797,0,0,1,0,0,0,1
634,3,13,48,0,107650.47977612264,0,0,1,1,0,0,0
635,4,7,20,1,106536.0686375189,0,0,1,0,0,1,0
636,3,29,64,0,100903.09807268513,0,1,0,1,0,0,0
637,2,20,22,1,81404.76394373074,0,0,1,0,0,1,0
638,1,5,42,1,84143.06833923951,0,1,0,0,1,0,0
639,1,4,44,1,80239.5962687166,0,1,0,0,1,0,0
640,2,7,64,0,109739.5757717404,0,0,1,0,1,0,0
641,1,5,39,1,51736.21507491839,1,0,0,0,0,0,1
642,1,19,50,1,90389.73810666264,1,0,0,0,0,0,1
643,3,20,33,1,144828.4121981739,0,1,0,0,1,0,0
644,1,7,27,0,44330.36964976672,1,0,0,1,0,0,0
645,1,13,39,1,69760.60276453797,1,0,0,1,0,0,0
646,2,4,55,1,76490.7760321884,0,1,0,0,0,1,0
647,4,15,49,0,112237.94975989968,0,0,1,1,0,0,0
648,2,20,40,1,73673.05233849108,0,1,0,1,0,0,0
649,2,29,28,0,126337.23487855004,0,0,1,0,0,0,1
650,2,25,30,0,98959.5118933102,0,0,1,1,0,0,0
651,2,18,61,0,96812.24946453932,0,1,0,1,0,0,0
652,4,4,54,1,113116.26875267588,1,0,0,0,0,1,0
653,2,28,31,0,130676.7089336078,0,0,1,0,1,0,0
654,3,4,28,1,140235.26422980177,0,1,0,0,1,0,0
655,1,2,41,0,80968.49087631401,0,1,0,0,0,0,1
656,3,22,24,1,122671.7273138959,0,1,0,0,0,0,1
657,1,20,27,0,83749.68724703127,0,0,1,0,0,1,0
658,4,23,41,1,147944.4544306179,1,0,0,0,0,0,1
659,4,28,42,1,145613.91167496107,1,0,0,0,0,1,0
660,2,5,26,0,100710.0880518803,0,1,0,0,1,0,0
661,4,25,39,1,160064.68149504965,0,0,1,0,1,0,0
662,1,22,63,1,71963.77182763499,1,0,0,0,0,1,0
663,4,8,26,1,138197.12890521623,0,1,0,0,1,0,0
664,3,11,52,0,112833.67281239793,1,0,0,1,0,0,0
665,1,11,57,0,68407.26238835322,1,0,0,1,0,0,0
666,4,18,42,0,155963.8498112061,0,0,1,0,1,0,0
667,4,27,61,1,146282.9226069381,0,1,0,0,0,1,0
668,4,25,41,0,128345.40735764313,1,0,0,1,0,0,0
669,1,19,31,0,75932.41135968213,1,0,0,1,0,0,0
670,2,17,63,0,127488.80516417992,0,0,1,0,1,0,0
671,4,1,23,0,136686.10832710887,0,0,1,0,0,0,1
672,4,5,52,0,133712.64269614525,1,0,0,0,0,0,1
673,3,3,49,1,129605.7080804158,0,0,1,0,1,0,0
674,2,28,41,0,139740.61853808298,0,0,1,0,1,0,0
675,4,14,37,0,129311.31373329196,0,1,0,1,0,0,0
676,4,2,25,1,118519.00529114524,0,1,0,0,0,1,0
677,2,28,47,0,92227.74376400762,1,0,0,0,0,1,0
678,2,3,21,1,52282.49262506818,1,0,0,1,0,0,0
679,1,3,53,1,47721.51619493288,1,0,0,1,0,0,0
680,1,20,60,0,72589.44466595871,0,0,1,0,0,1,0
681,4,21,63,0,146600.09066957125,0,1,0,0,0,0,1
682,3,27,59,1,138404.8842418709,1,0,0,0,0,0,1
683,1,13,63,1,69728.24675440353,0,1,0,0,0,1,0
684,1,8,57,0,83849.98328890376,0,0,1,0,1,0,0
685,4,22,50,1,148468.7137513836,0,1,0,0,1,0,0
686,3,14,38,1,94698.64792576068,0,0,1,1,0,0,0
687,2,18,35,1,111328.05335357488,1,0,0,0,0,0,1
688,3,27,60,1,129233.0898107075,0,0,1,0,1,0,0
689,4,20,49,1,150652.1697376894,0,0,1,0,1,0,0
690,3,13,24,1,109867.98066302932,0,0,1,0,1,0,0
691,4,18,62,1,134838.58424250284,0,0,1,0,0,1,0
692,4,1,40,1,102577.15440239418,1,0,0,1,0,0,0
693,1,2,36,1,47957.05579370506,0,1,0,1,0,0,0
694,4,5,41,0,124368.70100023596,1,0,0,0,0,0,1
695,3,11,22,0,112787.3492558224,1,0,0,0,1,0,0
696,3,11,40,1,96863.44359511268,0,0,1,1,0,0,0
697,1,1,44,1,69178.26413261076,1,0,0,0,0,1,0
698,4,29,63,0,145659.3705163663,0,0,1,0,0,1,0
699,3,27,40,0,131076.58624946763,0,1,0,0,0,1,0
700,2,3,35,1,94632.28957347012,0,0,1,0,1,0,0
701,1,29,53,0,100127.28594752088,0,1,0,0,0,1,0
702,4,2,44,1,147141.82131007797,1,0,0,0,1,0,0
703,2,14,44,1,91310.18682217276,0,0,1,1,0,0,0
704,3,20,60,1,104004.68407030516,0,1,0,0,0,1,0
705,2,16,47,1,106870.0138572766,1,0,0,0,1,0,0
706,2,18,23,0,103473.04500041057,0,1,0,0,0,0,1
707,1,5,39,1,62396.23914089497,0,0,1,1,0,0,0
708,2,8,32,1,68217.7938380033,0,1,0,1,0,0,0
709,2,22,64,0,101769.99863820703,0,1,0,0,1,0,0
710,4,7,30,1,143623.63037382034,0,1,0,0,1,0,0
711,2,10,29,1,74897.08683666281,1,0,0,1,0,0,0
712,4,16,48,1,151020.75021919367,0,1,0,0,1,0,0
713,3,19,51,1,124268.00578850968,0,1,0,0,0,1,0
714,1,22,43,0,82248.39516968635,0,1,0,0,1,0,0
715,2,29,33,1,109106.93715987806,0,1,0,1,0,0,0
716,2,11,25,1,83567.72459982682,0,0,1,0,0,1,0
717,4,19,60,0,155047.7793414994,0,0,1,0,1,0,0
718,4,3,27,1,104742.20636748728,1,0,0,0,0,1,0
719,1,18,61,1,93896.19857839252,0,1,0,0,1,0,0
720,2,4,36,1,49941.82125200072,1,0,0,1,0,0,0
721,3,25,59,0,109319.14279712806,0,1,0,1,0,0,0
722,1,20,55,0,74842.43454714648,0,0,1,0,0,1,0
723,2,17,62,0,99639.30202363194,0,1,0,1,0,0,0
724,3,24,48,1,110506.98143787218,1,0,0,1,0,0,0
725,2,13,37,0,94955.18311496305,0,1,0,0,0,1,0
726,3,4,57,0,104059.38814386504,0,0,1,0,0,1,0
727,2,14,21,1,68510.99628537285,1,0,0,1,0,0,0
728,4,25,37,0,149072.04868183247,0,1,0,0,0,1,0
729,3,3,50,1,94545.58657932431,0,0,1,0,0,1,0
730,4,21,54,1,150737.56659227243,0,1,0,0,1,0,0
731,2,4,23,1,95820.99778809566,0,0,1,0,0,0,1
732,3,18,53,1,112455.38789447106,1,0,0,1,0,0,0
733,4,13,63,1,115986.15456717256,1,0,0,1,0,0,0
734,3,7,45,0,137105.24731983276,0,1,0,0,1,0,0
735,3,11,21,1,100285.215849479,0,0,1,1,0,0,0
736,3,11,54,1,102655.89286954633,1,0,0,1,0,0,0
737,1,6,59,1,56036.16300950703,0,1,0,1,0,0,0
738,4,11,60,0,141466.7183821242,0,1,0,0,0,1,0
739,3,9,38,0,101144.06013260984,0,1,0,1,0,0,0
740,3,16,61,0,92226.87181943902,0,0,1,1,0,0,0
741,4,28,41,0,163883.35209809509,0,1,0,0,0,0,1
742,3,5,48,1,124184.51486659472,0,0,1,0,1,0,0
743,3,20,21,1,129469.38088931618,0,1,0,0,1,0,0
744,1,23,61,1,95229.6476192084,0,0,1,0,0,1,0
745,2,6,58,0,72686.91363970499,0,1,0,1,0,0,0
746,1,4,32,1,59999.86743162342,0,1,0,1,0,0,0
747,4,8,35,1,115316.16680702324,0,0,1,1,0,0,0
748,3,25,48,1,101638.69873172011,1,0,0,1,0,0,0
749,1,25,45,0,93105.81760583611,1,0,0,0,0,1,0
750,1,16,42,0,68129.67262737315,1,0,0,0,0,0,1
751,3,16,47,1,130152.29063582532,0,0,1,0,1,0,0
752,4,11,33,0,113916.79208132316,1,0,0,0,0,0,1
753,2,20,53,0,106299.82244007823,0,1,0,1,0,0,0
754,4,14,34,1,147979.983232951,0,0,1,0,0,0,1
755,3,8,28,0,110377.79633452596,1,0,0,0,0,0,1
756,3,25,24,1,149751.38410578627,0,1,0,0,1,0,0
757,2,6,41,0,77706.63430665733,0,1,0,0,0,0,1
758,2,8,48,0,92589.53218080327,0,0,1,0,0,0,1
759,3,19,42,0,118085.62268750487,1,0,0,0,0,0,1
760,4,8,34,1,107515.28949271538,0,1,0,0,0,1,0
761,2,29,20,0,112114.27126349953,1,0,0,0,0,1,0
762,3,25,57,1,119815.70949806632,0,1,0,0,0,1,0
763,2,1,29,1,82767.113637445,0,1,0,0,0,0,1
764,4,13,53,0,135362.25489568285,0,0,1,0,0,1,0
765,3,8,60,0,100474.177156632,1,0,0,0,0,0,1
766,4,21,60,1,146451.13003812966,0,1,0,0,0,0,1
767,1,9,27,0,93275.38547002494,1,0,0,0,0,1,0
768,2,16,46,1,87046.82030245801,1,0,0,1,0,0,0
769,2,21,49,1,117683.11059634323,1,0,0,0,0,0,1
770,3,5,37,1,111449.1687754408,0,0,1,0,0,0,1
771,3,11,30,0,118484.31009869062,0,1,0,0,1,0,0
772,1,17,63,0,70097.03589371659,1,0,0,0,0,1,0
773,3,21,53,0,127582.95056575965,0,0,1,0,1,0,0
774,2,27,21,0,83930.42234554206,1,0,0,0,0,0,1
775,4,9,58,0,156315.92505022138,0,0,1,0,1,0,0
776,3,17,39,1,123413.38144972228,1,0,0,0,0,0,1
777,1,15,49,1,93338.51221753072,1,0,0,0,1,0,0
778,4,1,26,0,121281.69873189996,1,0,0,0,0,0,1
779,2,21,25,1,120783.72699879664,0,0,1,0,0,1,0
780,3,24,24,1,143126.71812942385,0,0,1,0,1,0,0
781,1,16,22,1,85460.35259209422,0,1,0,0,1,0,0
782,3,13,60,1,72935.01284992674,0,1,0,1,0,0,0
783,2,20,60,0,94528.34132346758,0,0,1,1,0,0,0
784,3,24,36,0,127318.7778505968,0,1,0,0,0,1,0
785,2,24,27,0,114068.61198539498,0,0,1,0,0,0,1
786,1,3,60,1,69242.2173444676,0,0,1,1,0,0,0
787,1,28,44,0,110948.81166255393,0,0,1,0,0,1,0
788,2,14,43,0,87266.497916228,0,1,0,0,0,1,0
789,1,3,42,1,75312.53559593308,1,0,0,0,0,0,1
790,3,18,61,1,107141.47424819975,0,1,0,0,0,0,1
791,1,24,26,1,104313.19104356626,1,0,0,0,1,0,0
792,4,28,34,0,163634.90480386768,0,1,0,0,1,0,0
793,2,14,59,1,81786.09501652936,1,0,0,0,0,1,0
794,3,17,44,1,105366.0107999351,1,0,0,0,0,1,0
795,1,24,51,0,82436.96531661357,0,0,1,0,0,1,0
796,3,6,40,1,117911.9709065475,0,1,0,0,1,0,0
797,4,26,38,1,132986.72970149666,1,0,0,1,0,0,0
798,1,8,55,0,71257.07865933598,0,1,0,0,0,0,1
799,1,2,52,1,50442.07521036797,0,0,1,0,0,1,0
800,2,18,40,1,122170.53888992124,0,0,1,0,1,0,0
801,1,3,44,0,66921.32051610532,1,0,0,0,1,0,0
802,2,29,52,1,129479.8661479213,0,0,1,0,0,0,1
803,1,21,47,0,70661.73033427619,0,1,0,1,0,0,0
804,3,2,64,1,103270.2395332119,0,0,1,0,0,1,0
805,4,5,56,0,114507.68086755334,0,0,1,0,0,0,1
806,4,22,38,1,149433.19871831877,0,0,1,0,1,0,0
807,1,9,42,1,73396.1439350745,0,0,1,1,0,0,0
808,3,29,54,1,116661.83273973822,0,1,0,0,0,1,0
809,2,19,51,0,108675.6234100105,0,1,0,0,1,0,0
810,4,2,38,1,129220.6003273172,1,0,0,0,1,0,0
811,4,23,34,1,166637.4259282734,0,0,1,0,0,0,1
812,1,4,27,0,77741.37997801583,1,0,0,0,1,0,0
813,3,17,31,0,120102.64603383328,1,0,0,0,0,1,0
814,1,4,30,1,76322.52202468809,0,1,0,0,1,0,0
815,3,26,58,1,138131.76263766392,0,0,1,0,0,0,1
816,1,6,61,0,63967.565446240245,0,0,1,0,0,0,1
817,4,2,42,1,123780.31235143372,0,1,0,1,0,0,0
818,3,4,20,0,95086.48203694854,0,1,0,1,0,0,0
819,3,8,54,0,123441.29098796276,0,1,0,0,1,0,0
820,1,2,37,1,85383.1553922566,0,0,1,0,1,0,0
821,1,2,62,0,86467.92073920323,1,0,0,0,1,0,0
822,3,8,26,1,90855.0489351141,1,0,0,1,0,0,0
823,2,26,23,1,117630.38957754908,0,0,1,1,0,0,0
824,4,5,60,1,126484.77415596208,1,0,0,0,1,0,0
825,2,14,47,1,93221.84607969092,0,0,1,1,0,0,0
826,2,13,32,1,123092.18561174876,0,0,1,0,0,0,1
827,2,19,59,1,84101.852687414,0,1,0,1,0,0,0
828,1,28,41,0,100452.5585344342,0,0,1,0,0,0,1
829,3,1,45,0,124775.05062836432,0,1,0,0,1,0,0
830,2,12,20,1,95621.00301101292,0,1,0,0,0,0,1
831,2,20,63,0,74996.46723835671,1,0,0,0,0,1,0
832,4,3,54,1,127440.40640931044,0,1,0,0,1,0,0
833,4,14,21,1,139809.32588853835,1,0,0,0,0,0,1
834,2,5,63,0,103915.15319989243,0,0,1,0,0,0,1
835,4,17,57,1,129845.55334320996,1,0,0,1,0,0,0
836,2,17,63,0,108464.32013867843,1,0,0,0,0,0,1
837,4,11,45,1,116719.85194936022,1,0,0,1,0,0,0
838,3,26,43,1,138082.33170711008,0,0,1,0,0,0,1
839,1,12,62,0,66811.3134084247,0,0,1,0,0,0,1
840,3,4,24,1,97173.28953702336,0,1,0,1,0,0,0
841,2,9,27,1,95126.80785391098,0,0,1,0,0,1,0
842,2,20,49,0,99167.88705184014,0,1,0,0,0,0,1
843,2,15,21,1,111440.01698894912,0,0,1,0,0,0,1
844,2,1,43,0,72841.11155482176,1,0,0,0,1,0,0
845,3,21,43,0,118510.99597794536,0,1,0,1,0,0,0
846,1,21,44,0,79002.843236208,0,0,1,1,0,0,0
847,2,1,45,1,102106.0853358802,0,0,1,0,0,1,0
848,3,3,25,0,137130.85536865267,0,0,1,0,1,0,0
849,4,12,42,1,137069.8035855853,1,0,0,0,0,1,0
850,2,6,36,0,89173.97096368166,0,1,0,0,0,1,0
851,4,22,51,1,153466.1561391526,0,1,0,0,0,0,1
852,2,25,20,0,98183.68685087073,0,1,0,0,0,0,1
853,2,3,23,1,74649.08699648213,0,0,1,1,0,0,0
854,3,8,53,1,141267.28470660865,0,1,0,0,1,0,0
855,1,13,51,0,48438.3555127691,0,1,0,1,0,0,0
856,3,12,26,1,127497.1816518687,0,0,1,0,1,0,0
857,3,20,20,1,100807.6591918533,0,0,1,1,0,0,0
858,4,29,28,0,163509.51814032128,0,0,1,0,0,1,0
859,3,23,44,0,117342.18671454387,0,0,1,0,0,1,0
860,3,2,26,0,107445.34365931292,1,0,0,0,0,1,0
861,3,17,31,1,112862.375062807,1,0,0,0,0,0,1
862,1,19,24,0,88958.67919836262,0,1,0,0,1,0,0
863,4,19,57,1,161785.29188984665,1,0,0,0,1,0,0
864,2,15,27,0,114388.31726393776,0,0,1,0,0,0,1
865,2,22,45,0,84837.19690782425,1,0,0,0,1,0,0
866,4,16,62,0,135511.40789857198,0,0,1,1,0,0,0
867,4,16,25,0,132001.66878252293,1,0,0,0,0,1,0
868,3,6,57,1,118098.06930900912,0,0,1,0,0,0,1
869,4,2,24,0,110423.41996175224,0,1,0,0,0,1,0
870,3,11,62,1,126284.0844463959,0,1,0,0,1,0,0
871,3,3,32,0,99019.38519034335,1,0,0,0,0,0,1
872,2,28,36,1,130113.23027609976,0,0,1,0,1,0,0
873,4,9,25,0,121976.05737138934,0,1,0,0,0,1,0
874,2,24,33,1,117780.71841761054,0,0,1,0,1,0,0
875,4,20,31,0,141637.70446304613,1,0,0,0,0,0,1
876,2,16,42,1,124024.38910184392,0,0,1,0,1,0,0
877,3,8,62,1,120890.05892395366,0,0,1,0,0,0,1
878,3,13,59,1,107463.57610068769,1,0,0,0,0,0,1
879,2,4,20,1,92362.5402037041,0,1,0,0,0,0,1
880,3,2,44,1,97697.92391858966,1,0,0,1,0,0,0
881,1,17,47,1,112954.0416857619,0,0,1,0,1,0,0
882,2,18,50,0,120075.52584159435,1,0,0,0,1,0,0
883,2,17,44,0,92373.80193359032,1,0,0,0,0,1,0
884,4,25,48,1,144908.75968786114,0,0,1,0,0,0,1
885,3,25,44,0,111344.47273079128,1,0,0,0,0,0,1
886,1,27,50,0,79976.18786280928,0,1,0,0,0,1,0
887,4,6,52,0,126908.15218443835,0,1,0,0,1,0,0
888,2,20,55,0,102152.15270939372,1,0,0,0,1,0,0
889,1,27,42,1,105298.77695248832,0,0,1,0,1,0,0
890,1,11,28,0,66157.89578261097,1,0,0,0,0,0,1
891,3,20,23,0,116720.81943689582,1,0,0,0,0,0,1
892,2,18,56,1,79719.9537270189,0,1,0,0,0,1,0
893,4,14,34,0,126314.6675979321,0,1,0,1,0,0,0
894,1,1,56,1,65965.08051066907,0,0,1,1,0,0,0
895,2,23,37,1,107518.6253221083,0,0,1,0,0,0,1
896,3,2,39,1,129257.55344191214,0,0,1,0,1,0,0
897,2,7,44,1,123627.26713718078,1,0,0,0,1,0,0
898,3,10,44,0,94081.88969865548,1,0,0,1,0,0,0
899,2,6,55,1,102512.10007949529,1,0,0,0,1,0,0
900,4,13,21,0,119967.70090087356,1,0,0,1,0,0,0
901,2,11,32,0,110696.23729224046,0,0,1,0,0,0,1
902,4,24,40,0,136813.50123387904,0,0,1,0,0,0,1
903,3,17,27,1,126430.43232054784,0,0,1,0,1,0,0
904,1,28,42,0,99434.6392807138,1,0,0,0,1,0,0
905,1,18,64,1,71869.62566158465,1,0,0,1,0,0,0
906,4,5,35,0,146305.2402586494,0,0,1,0,1,0,0
907,2,29,52,1,97354.26749032356,0,1,0,0,0,0,1
908,2,26,53,1,117763.86723541604,0,0,1,0,1,0,0
909,2,15,33,1,97052.93882402783,1,0,0,0,1,0,0
910,1,14,21,1,87889.91945003047,1,0,0,0,1,0,0
911,3,22,23,0,124379.61040159572,0,0,1,0,0,0,1
912,3,18,59,0,126191.92895199227,0,1,0,0,1,0,0
913,3,7,56,1,107847.47576637704,0,1,0,1,0,0,0
914,1,29,58,0,92353.1627679859,1,0,0,0,0,1,0
915,3,11,47,1,91867.25194663962,1,0,0,1,0,0,0
916,4,6,54,0,115249.02672349873,1,0,0,1,0,0,0
917,4,5,58,0,101185.1620146866,0,0,1,1,0,0,0
918,1,5,45,1,66983.27059355342,1,0,0,0,0,0,1
919,2,21,36,0,97899.78049795829,1,0,0,1,0,0,0
920,3,24,29,1,139267.8170525735,1,0,0,0,1,0,0
921,3,19,45,1,125010.60844357472,0,1,0,0,0,0,1
922,4,19,20,0,130113.57026527364,0,1,0,0,0,1,0
923,1,23,35,1,61532.07984408598,1,0,0,1,0,0,0
924,2,22,36,1,95209.17594806197,0,1,0,0,0,1,0
925,3,11,62,1,110485.5886176369,0,1,0,0,1,0,0
926,1,12,56,1,103104.58978298244,0,1,0,0,1,0,0
927,1,28,27,0,83642.10640394817,0,1,0,1,0,0,0
928,3,28,43,0,146975.62965786716,0,0,1,0,1,0,0
929,2,15,60,0,103801.95225172662,0,1,0,0,1,0,0
930,3,20,58,0,134296.60379842255,0,1,0,0,1,0,0
931,1,17,57,0,89977.94942262843,0,1,0,0,0,0,1
932,4,25,57,1,150114.47891218946,0,1,0,0,0,1,0
933,4,25,24,0,130963.09069934256,0,0,1,1,0,0,0
934,1,2,54,0,52264.71239826344,0,0,1,0,0,1,0
935,1,9,42,0,89782.29962808275,1,0,0,0,0,0,1
936,2,8,50,1,114365.92857715684,0,1,0,0,1,0,0
937,1,6,53,1,88085.19940828005,0,1,0,0,1,0,0
938,2,16,47,0,94613.5375628263,1,0,0,0,0,0,1
939,1,24,27,0,113240.20338262782,0,0,1,0,1,0,0
940,2,10,33,0,62267.66824168884,1,0,0,1,0,0,0
941,3,21,45,0,131317.6842153504,0,0,1,1,0,0,0
942,4,1,57,1,110642.2777526284,1,0,0,0,0,1,0
943,2,24,51,1,111908.61502158752,1,0,0,0,0,0,1
944,4,15,56,0,146462.17774895177,0,1,0,0,0,0,1
945,3,3,59,0,86684.29088738072,1,0,0,1,0,0,0
946,2,20,28,0,118246.33644902532,0,0,1,0,1,0,0
947,3,26,38,1,148215.83141275984,0,0,1,0,0,0,1
948,2,22,40,0,112264.97404582587,1,0,0,0,0,0,1
949,4,5,45,0,127277.6888001958,0,0,1,0,1,0,0
950,3,1,59,1,84075.94262943542,1,0,0,0,0,0,1
951,1,28,49,1,93537.79379643842,0,1,0,0,1,0,0
952,3,27,22,0,113064.54601700298,0,1,0,0,0,1,0
953,2,21,60,0,84814.7412741277,0,1,0,0,0,1,0
954,4,6,37,0,143721.10643262288,0,1,0,0,1,0,0
955,1,27,60,0,72362.95552866027,1,0,0,0,0,1,0
956,1,25,59,1,117061.2462176217,0,0,1,0,1,0,0
957,3,18,53,1,142528.77765517056,1,0,0,0,1,0,0
958,3,5,23,0,114713.16762502409,0,0,1,0,0,0,1
959,1,25,46,1,111834.57948672894,1,0,0,0,1,0,0
960,3,1,44,0,121242.14310140724,0,0,1,0,1,0,0
961,4,18,50,0,153652.093532501,0,0,1,0,1,0,0
962,1,18,21,0,88647.85739293914,1,0,0,0,1,0,0
963,1,9,62,1,93448.60001993066,0,1,0,0,1,0,0
964,3,10,38,1,78855.39027300103,1,0,0,1,0,0,0
965,3,5,27,1,92914.00677775544,0,1,0,1,0,0,0
966,2,10,63,1,77974.05660316872,1,0,0,1,0,0,0
967,3,13,25,1,116630.8466523854,0,0,1,0,0,1,0
968,1,17,60,0,78315.63656677089,0,1,0,0,0,0,1
969,1,4,57,1,68887.85742643471,0,0,1,0,0,1,0
970,2,1,39,0,83921.21617950863,0,0,1,0,0,1,0
971,2,15,54,0,84080.91886527606,0,0,1,1,0,0,0
972,1,24,41,1,90815.98628938774,1,0,0,1,0,0,0
973,2,1,56,1,95395.50206031308,0,0,1,0,0,0,1
974,1,25,44,0,91688.16649826172,1,0,0,0,1,0,0
975,3,29,50,0,118282.8096652156,0,1,0,0,0,1,0
976,1,12,21,0,92294.08918230917,0,0,1,0,0,0,1
977,2,2,20,0,98020.59791064067,0,1,0,0,1,0,0
978,3,19,44,1,139481.1269781519,0,1,0,0,0,1,0
979,1,15,24,1,70640.75877047912,1,0,0,0,0,0,1
980,1,13,20,0,55573.930615477104,0,1,0,0,0,1,0
981,2,9,56,0,88723.01541166398,1,0,0,0,0,0,1
982,2,6,40,0,77750.67458837443,1,0,0,0,0,1,0
983,4,25,24,0,138815.49365359705,0,1,0,0,1,0,0
984,1,3,25,0,54908.3148561852,0,1,0,0,0,1,0
985,3,18,34,0,104315.84558612404,0,1,0,1,0,0,0
986,2,16,42,1,82312.3646379445,1,0,0,0,0,1,0
987,3,4,35,0,107697.74252369396,1,0,0,0,1,0,0
988,4,22,39,1,118568.0745691156,0,1,0,1,0,0,0
989,2,17,32,1,114580.38051421756,1,0,0,0,1,0,0
990,3,19,59,0,128161.59156010325,0,1,0,0,1,0,0
991,1,6,52,1,55762.98547599145,1,0,0,0,0,0,1
992,3,25,50,0,127400.65732182092,1,0,0,0,1,0,0
993,1,23,40,1,98276.76760253044,0,0,1,0,1,0,0
994,3,19,40,0,140086.47124713028,0,0,1,0,1,0,0
995,1,8,25,0,64683.38986360488,0,1,0,1,0,0,0
996,1,24,30,0,74468.2050198493,0,0,1,0,0,1,0
997,3,18,44,1,98207.02602445568,1,0,0,1,0,0,0
998,2,27,31,0,108544.92271980026,0,1,0,0,1,0,0
999,1,25,41,0,71077.00006577624,0,0,1,0,1,0,0
